<?xml version="1.0" encoding="UTF-8"?><CodeSystem xmlns="http://hl7.org/fhir"><id value="omh-temporal-relationship-to-meal"/><text><status value="generated"/><div xmlns="http://www.w3.org/1999/xhtml"><p>This code system http://www.fhir.org/guides/omhtofhir/CodeSystem/omh-temporal-relationship-to-meal defines the following codes:</p><table class="codes"><tr><td style="white-space:nowrap"><b>Code</b></td><td><b>Display</b></td><td><b>Definition</b></td></tr><tr><td style="white-space:nowrap">2-hours-postprandial<a name="omh-temporal-relationship-to-meal-2-hours-postprandial"> </a></td><td>2 hours postprandial</td><td>The relative time 2 hours following a meal</td></tr></table></div></text><url value="http://www.fhir.org/guides/omhtofhir/CodeSystem/omh-temporal-relationship-to-meal"/><version value="0.0.0"/><name value="omh-temporal-relationship-to-meal"/><title value="Omh Temporal Relationship To Meal Code System"/><status value="draft"/><date value="2018-11-17"/><contact><telecom><system value="url"/><value value="http://www.openmhealth.org/"/></telecom></contact><description value="OMH datapoint schema type representing the measure of an Open mHealth data schema.   These concepts are used were suitable LOINC or SNOMED-CT concepts are not available."/><caseSensitive value="true"/><content value="complete"/><concept><code value="2-hours-postprandial"/><display value="2 hours postprandial"/><definition value="The relative time 2 hours following a meal"/></concept></CodeSystem>