<?xml version="1.0" encoding="UTF-8"?><CodeSystem xmlns="http://hl7.org/fhir"><id value="omh-device-modality"/><text><status value="generated"/><div xmlns="http://www.w3.org/1999/xhtml"><p>This code system http://www.fhir.org/guides/omhtofhir/CodeSystem/omh-device-modality defines the following codes:</p><table class="codes"><tr><td style="white-space:nowrap"><b>Code</b></td><td><b>Display</b></td><td><b>Definition</b></td></tr><tr><td style="white-space:nowrap">sensed<a name="omh-device-modality-sensed"> </a></td><td>Sensed</td><td>Device measurement is sensed directly by the device</td></tr><tr><td style="white-space:nowrap">self-reported<a name="omh-device-modality-self-reported"> </a></td><td>Self Reported</td><td>Device measurement is entered by the user</td></tr></table></div></text><url value="http://www.fhir.org/guides/omhtofhir/CodeSystem/omh-device-modality"/><version value="0.0.0"/><name value="omh-device-modality"/><title value="Open mHealth to FHIR Device Modality"/><status value="draft"/><date value="2018-11-17"/><contact><telecom><system value="url"/><value value="http://www.openmhealth.org/"/></telecom></contact><description value="Identifies whether device measurement is sensed directly or entered by the user"/><caseSensitive value="true"/><valueSet value="http://www.fhir.org/guides/omhtofhir/ValueSet/omh-device-modality"/><content value="complete"/><concept><code value="sensed"/><display value="Sensed"/><definition value="Device measurement is sensed directly by the device"/></concept><concept><code value="self-reported"/><display value="Self Reported"/><definition value="Device measurement is entered by the user"/></concept></CodeSystem>