{
  "resourceType" : "Bundle",
  "id" : "437595c6-ffa3-49c8-8477-5ca39e0202d0",
  "meta" : {
    "lastUpdated" : "2020-07-14T18:46:30.642-07:00"
  },
  "type" : "collection",
  "entry" : [{
    "fullUrl" : "http://www.fhir.org/guides/omhtofhir/ValueSet/omh-device-modality",
    "resource" : {
      "resourceType" : "ValueSet",
      "id" : "omh-device-modality",
      "text" : {
        "status" : "generated",
        "div" : "<div xmlns=\"http://www.w3.org/1999/xhtml\"><p>This value set contains 2 concepts</p><p style=\"border: black 1px dotted; background-color: #EEEEEE; padding: 8px; margin-bottom: 8px\">Expansion based on <a href=\"CodeSystem-omh-device-modality.html\">Open mHealth to FHIR Device Modality v0.0.0 (CodeSystem)</a></p><p>All codes from system <a href=\"CodeSystem-omh-device-modality.html\"><code>http://www.fhir.org/guides/omhtofhir/CodeSystem/omh-device-modality</code></a></p><table class=\"codes\"><tr><td style=\"white-space:nowrap\"><b>Code</b></td><td><b>Display</b></td><td><b>Definition</b></td></tr><tr><td style=\"white-space:nowrap\"><a name=\"http---www.fhir.org-guides-omhtofhir-CodeSystem-omh-device-modality-sensed\"> </a><a href=\"CodeSystem-omh-device-modality.html#omh-device-modality-sensed\">sensed</a></td><td>Sensed</td><td>Device measurement is sensed directly by the device</td></tr><tr><td style=\"white-space:nowrap\"><a name=\"http---www.fhir.org-guides-omhtofhir-CodeSystem-omh-device-modality-self-reported\"> </a><a href=\"CodeSystem-omh-device-modality.html#omh-device-modality-self-reported\">self-reported</a></td><td>Self Reported</td><td>Device measurement is entered by the user</td></tr></table></div>"
      },
      "url" : "http://www.fhir.org/guides/omhtofhir/ValueSet/omh-device-modality",
      "version" : "0.0.0",
      "name" : "OmhDeviceModalityValueSet",
      "title" : "Open mHealth to FHIR Device Modality ValueSet",
      "status" : "draft",
      "experimental" : false,
      "date" : "2019-06-06T10:50:59-07:00",
      "contact" : [{
        "telecom" : [{
          "system" : "url",
          "value" : "http://www.openmhealth.org/"
        }]
      }],
      "description" : "The modality whereby the measure is obtained.  Choice of sensed|self-reported .",
      "immutable" : true,
      "expansion" : {
        "identifier" : "urn:uuid:361ae4a0-2d1e-4b63-b273-24ff29ce4cc9",
        "timestamp" : "2020-07-14T18:46:56-07:00",
        "total" : 2,
        "parameter" : [{
          "name" : "excludeNested",
          "valueBoolean" : false
        },
        {
          "name" : "version",
          "valueUri" : "http://www.fhir.org/guides/omhtofhir/CodeSystem/omh-device-modality|0.0.0"
        }],
        "contains" : [{
          "system" : "http://www.fhir.org/guides/omhtofhir/CodeSystem/omh-device-modality",
          "code" : "sensed",
          "display" : "Sensed"
        },
        {
          "system" : "http://www.fhir.org/guides/omhtofhir/CodeSystem/omh-device-modality",
          "code" : "self-reported",
          "display" : "Self Reported"
        }]
      }
    }
  }]
}